<?xml version='1.0' encoding='iso-8859-1' standalone='yes' ?>

<jamoma version='0.4'
		xmlns:xsi='http://www.w3.org/2001/XMLSchema-instance'
		xsi:schemaLocation='http://jamoma.org/ file:jamoma.xsd'
>
  <preset number='1' name='default'>
    <item name='color.1/bounds/active' type='boolean' priority='0'>0</item>
    <item name='color.1/brightness/variation' type='integer' priority='0'>0</item>
    <item name='color.1/brightness' type='integer' priority='0'>0</item>
    <item name='color.1/center/active' type='boolean' priority='0'>0</item>
    <item name='color.1/hue' type='integer' priority='0'>0</item>
    <item name='color.1/hue/variation' type='integer' priority='0'>0</item>
    <item name='color.1/saturation/variation' type='integer' priority='0'>0</item>
    <item name='color.1/saturation' type='integer' priority='0'>0</item>
    <item name='color.1/size/active' type='boolean' priority='0'>0</item>
    <item name='color.2/bounds/active' type='boolean' priority='0'>0</item>
    <item name='color.2/brightness' type='integer' priority='0'>0</item>
    <item name='color.2/brightness/variation' type='integer' priority='0'>0</item>
    <item name='color.2/center/active' type='boolean' priority='0'>0</item>
    <item name='color.2/hue' type='integer' priority='0'>0</item>
    <item name='color.2/hue/variation' type='integer' priority='0'>0</item>
    <item name='color.2/saturation' type='integer' priority='0'>0</item>
    <item name='color.2/saturation/variation' type='integer' priority='0'>0</item>
    <item name='color.2/size/active' type='boolean' priority='0'>0</item>
    <item name='color.3/bounds/active' type='boolean' priority='0'>0</item>
    <item name='color.3/brightness' type='integer' priority='0'>0</item>
    <item name='color.3/brightness/variation' type='integer' priority='0'>0</item>
    <item name='color.3/center/active' type='boolean' priority='0'>0</item>
    <item name='color.3/hue' type='integer' priority='0'>0</item>
    <item name='color.3/hue/variation' type='integer' priority='0'>0</item>
    <item name='color.3/saturation' type='integer' priority='0'>0</item>
    <item name='color.3/saturation/variation' type='integer' priority='0'>0</item>
    <item name='color.3/size/active' type='boolean' priority='0'>0</item>
    <item name='color.4/bounds/active' type='boolean' priority='0'>0</item>
    <item name='color.4/brightness' type='integer' priority='0'>0</item>
    <item name='color.4/brightness/variation' type='integer' priority='0'>0</item>
    <item name='color.4/center/active' type='boolean' priority='0'>0</item>
    <item name='color.4/hue' type='integer' priority='0'>0</item>
    <item name='color.4/hue/variation' type='integer' priority='0'>0</item>
    <item name='color.4/saturation' type='integer' priority='0'>0</item>
    <item name='color.4/saturation/variation' type='integer' priority='0'>0</item>
    <item name='color.4/size/active' type='boolean' priority='0'>0</item>
    <item name='view/freeze' type='boolean' priority='0'>0</item>
    <item name='video/freeze' type='boolean' priority='0'>0</item>
    <item name='video/mute' type='boolean' priority='0'>0</item>
    <item name='video/preview' type='boolean' priority='0'>0</item>
    
    
    
    
  </preset>
</jamoma>
