{
  "name": "TapTools",
	"type": "package",
	"author": "Timothy Place",
	"description": "A potpourri of objects for Max",
	"version": "4b2",
	"major_version": "4",
	"minor_version": "2",
	"min_max_version": "6.1.3",
	"min_osx_version": "10.7",
	"min_win_version": "None",
	"website": "http://download.74objects.com/taptools/index.html",
	"link_mac32": "https://github.com/tap/TapTools/archive/4.0.0-b2.zip",
	"link_mac64": "https://github.com/tap/TapTools/archive/4.0.0-b2.zip",
	"link_win32": "https://github.com/tap/TapTools/archive/4.0.0-b2.zip",
	"link_win64": "https://github.com/tap/TapTools/archive/4.0.0-b2.zip",
	"relative_path": "TapTools"
}
