<?xml version='1.0' encoding='iso-8859-1' standalone='yes' ?>

<jamoma version='0.4'
		xmlns:xsi='http://www.w3.org/2001/XMLSchema-instance'
		xsi:schemaLocation='http://jamoma.org/ file:jamoma.xsd'
>
  <preset number='1' name='default'>
    <item name='audio/bypass' type='boolean' priority='0' mixweight='1'>0</item>
    <item name='audio/gain' type='decimal' priority='0' mixweight='1'>0.000000</item>
    <item name='audio/mix' type='decimal' priority='0' mixweight='1'>100.000000</item>
    <item name='audio/mute' type='boolean' priority='0' mixweight='1'>1</item>
    <item name='destHigh' type='generic' priority='0' mixweight='1'>1024.000000</item>
    <item name='destLow' type='generic' priority='0' mixweight='1'>0.000000</item>
    <item name='srcHigh' type='generic' priority='0' mixweight='1'>1024.000000</item>
    <item name='srcLow' type='generic' priority='0' mixweight='1'>0.000000</item>
    <item name='view/freeze' type='boolean' priority='0' mixweight='1'>0</item>
    <item name='view/highlight' type='string' priority='0' mixweight='1'>none</item>
  </preset>
  <preset number='2' name='Compression'>
    <item name='srcLow' type='generic' priority='0' mixweight='1'>0.000000</item>
    <item name='srcHigh' type='generic' priority='0' mixweight='1'>512.000000</item>
    <item name='destLow' type='generic' priority='0' mixweight='1'>0.000000</item>
    <item name='destHigh' type='generic' priority='0' mixweight='1'>108.000000</item>
  </preset>
  <preset number='3' name='Expansion'>
    <item name='srcLow' type='generic' priority='0' mixweight='1'>0.000000</item>
    <item name='srcHigh' type='generic' priority='0' mixweight='1'>512.000000</item>
    <item name='destLow' type='generic' priority='0' mixweight='1'>0.000000</item>
    <item name='destHigh' type='generic' priority='0' mixweight='1'>8196.000000</item>
  </preset>
  <preset number='4' name='UpShift'>
    <item name='srcLow' type='generic' priority='0' mixweight='1'>0.000000</item>
    <item name='srcHigh' type='generic' priority='0' mixweight='1'>512.000000</item>
    <item name='destLow' type='generic' priority='0' mixweight='1'>100.000000</item>
    <item name='destHigh' type='generic' priority='0' mixweight='1'>612.000000</item>
  </preset>
  <preset number='5' name='WayWayDown'>
    <item name='srcLow' type='generic' priority='0' mixweight='1'>0.000000</item>
    <item name='srcHigh' type='generic' priority='0' mixweight='1'>512.000000</item>
    <item name='destLow' type='generic' priority='0' mixweight='1'>12.000000</item>
    <item name='destHigh' type='generic' priority='0' mixweight='1'>-500.000000</item>
  </preset>
  <preset number='6' name='Uncertainty'>
    <item name='srcLow' type='generic' priority='0' mixweight='1'>32.000000</item>
    <item name='srcHigh' type='generic' priority='0' mixweight='1'>0.000000</item>
    <item name='destLow' type='generic' priority='0' mixweight='1'>0.000000</item>
    <item name='destHigh' type='generic' priority='0' mixweight='1'>32.000000</item>
  </preset>
  <preset number='7' name='InvertedDownShift'>
    <item name='srcLow' type='generic' priority='0' mixweight='1'>0.000000</item>
    <item name='srcHigh' type='generic' priority='0' mixweight='1'>512.000000</item>
    <item name='destLow' type='generic' priority='0' mixweight='1'>256.000000</item>
    <item name='destHigh' type='generic' priority='0' mixweight='1'>-256.000000</item>
  </preset>
  <preset number='8' name='Inversion'>
    <item name='srcLow' type='generic' priority='0' mixweight='1'>0.000000</item>
    <item name='srcHigh' type='generic' priority='0' mixweight='1'>512.000000</item>
    <item name='destLow' type='generic' priority='0' mixweight='1'>512.000000</item>
    <item name='destHigh' type='generic' priority='0' mixweight='1'>0.000000</item>
  </preset>
  <preset number='9' name='Goof'>
    <item name='srcLow' type='generic' priority='0' mixweight='1'>184.000000</item>
    <item name='srcHigh' type='generic' priority='0' mixweight='1'>151.000000</item>
    <item name='destLow' type='generic' priority='0' mixweight='1'>11.040000</item>
    <item name='destHigh' type='generic' priority='0' mixweight='1'>11.580000</item>
  </preset>
  <preset number='10' name='Spoof'>
    <item name='srcLow' type='generic' priority='0' mixweight='1'>184.000000</item>
    <item name='srcHigh' type='generic' priority='0' mixweight='1'>293.000000</item>
    <item name='destLow' type='generic' priority='0' mixweight='1'>9.000000</item>
    <item name='destHigh' type='generic' priority='0' mixweight='1'>10.000000</item>
  </preset>
  <preset number='11' name='OnTheRoof'>
    <item name='srcLow' type='generic' priority='0' mixweight='1'>222.000000</item>
    <item name='srcHigh' type='generic' priority='0' mixweight='1'>226.000000</item>
    <item name='destLow' type='generic' priority='0' mixweight='1'>55.000000</item>
    <item name='destHigh' type='generic' priority='0' mixweight='1'>239.000000</item>
  </preset>
  <preset number='12' name='RacketBall'>
    <item name='srcLow' type='generic' priority='0' mixweight='1'>304.000000</item>
    <item name='srcHigh' type='generic' priority='0' mixweight='1'>226.000000</item>
    <item name='destLow' type='generic' priority='0' mixweight='1'>55.000000</item>
    <item name='destHigh' type='generic' priority='0' mixweight='1'>239.000000</item>
  </preset>
</jamoma>
