<?xml version='1.0' encoding='iso-8859-1' standalone='yes' ?>

<jamoma version='0.4'
		xmlns:xsi='http://www.w3.org/2001/XMLSchema-instance'
		xsi:schemaLocation='http://jamoma.org/ file:jamoma.xsd'
>
  <preset number='1' name='default'>
    <item name='audio/bypass' type='boolean' priority='0' mixweight='1'>0</item>
    <item name='audio/gain' type='decimal' priority='0' mixweight='1'>0.000000</item>
    <item name='audio/mix' type='decimal' priority='0' mixweight='1'>100.000000</item>
    <item name='audio/mute' type='boolean' priority='0' mixweight='1'>1</item>
    <item name='damping' type='decimal' priority='0' mixweight='1'>20000.000000</item>
    <item name='decay' type='decimal' priority='0' mixweight='1'>3.500000</item>
    <item name='delay' type='decimal' priority='0' mixweight='1'>100.000000</item>
    <item name='earlyReflections/active' type='boolean' priority='0' mixweight='1'>1</item>
    <item name='lowpass' type='decimal' priority='0' mixweight='1'>15000.000000</item>
    <item name='moddepth' type='decimal' priority='0' mixweight='1'>0.100000</item>
    <item name='modfreq' type='decimal' priority='0' mixweight='1'>0.100000</item>
    <item name='view/freeze' type='boolean' priority='0' mixweight='1'>0</item>
    <item name='view/highlight' type='string' priority='0' mixweight='1'>none</item>
  </preset>
</jamoma>
