<?xml version='1.0' encoding='iso-8859-1' standalone='yes' ?>

<jamoma version='0.4'
		xmlns:xsi='http://www.w3.org/2001/XMLSchema-instance'
		xsi:schemaLocation='http://jamoma.org/ file:jamoma.xsd'
>
  <preset number='1' name='default'>
    <item name='analysis_size' type='decimal' priority='0' mixweight='1'>2000.000000</item>
    <item name='audio/bypass' type='boolean' priority='0' mixweight='1'>0</item>
    <item name='audio/gain' type='decimal' priority='0' mixweight='1'>0.000000</item>
    <item name='audio/mix' type='decimal' priority='0' mixweight='1'>100.000000</item>
    <item name='audio/mute' type='boolean' priority='0' mixweight='1'>1</item>
    <item name='response' type='decimal' priority='0' mixweight='1'>1.000000</item>
    <item name='thresh' type='decimal' priority='0' mixweight='1'>0.050000</item>
    <item name='view/freeze' type='boolean' priority='0' mixweight='1'>0</item>
    <item name='view/highlight' type='string' priority='0' mixweight='1'>none</item>
  </preset>
  <preset number='2' name='lowfreqdemo'>
    <item name='analysis_size' type='decimal' priority='0' mixweight='1'>2000.000000</item>
    <item name='audio/bypass' type='boolean' priority='0' mixweight='1'>0</item>
    <item name='audio/gain' type='decimal' priority='0' mixweight='1'>127</item>
    <item name='audio/meters/freeze' type='boolean' priority='0' mixweight='1'>0</item>
    <item name='audio/mix' type='decimal' priority='0' mixweight='1'>100.000000</item>
    <item name='audio/mute' type='boolean' priority='0' mixweight='1'>0</item>
    <item name='response' type='decimal' priority='0' mixweight='1'>0.100000</item>
    <item name='thresh' type='decimal' priority='0' mixweight='1'>0.100000</item>
  </preset>
</jamoma>
