<?xml version="1.0" encoding="utf-8" standalone="yes"?>
<?xml-stylesheet href="./_c74_ref.xsl" type="text/xsl"?>

<c74object name="tap.comb~" module="msp" category="TapTools, MSP Filters">

	<digest>
		Comb filter with additionally filtered feedback
	</digest>

	<description>
		The <o>tap.comb~</o> object is an IIR comb filter with a lowpass filter in the feedback loop.
		This is particularly good for making reverbs (e.g. the Moorer algorithm) or decaying echos.
		The sound of this filter is much darker than the standard <o>comb~</o> object in MSP which features 
		a very bright sounding comb filter.
	</description>

	
	<!--METADATA-->
	<metadatalist>
		<metadata name="author">74 Objects</metadata>
		<metadata name="tag">TapTools</metadata>
		<metadata name="tag">Audio</metadata>
		<metadata name="tag">Filter</metadata>
	</metadatalist>

	
	<!--ARGUMENTS-->
	<objarglist>
		<objarg name="buffersize" type="float" optional="1">
			<description>The initial size of the internal delay buffer.</description>
		</objarg>
		<objarg name="delaytime" type="float" optional="1">
			<description>The initial delay time (in ms) for the comb filter.</description>
		</objarg>
		<objarg name="feedback" type="float" optional="1">
			<description>The initial feedback coefficient for the comb filter.</description>
		</objarg>
		<objarg name="autoclip" type="int or float" optional="1">
			<description>Sets a range at which the output of the comb filter will be clipped to prevent it from getting out of control.</description>
		</objarg>
		<objarg name="lowpasscutoff" type="float" optional="1">
			<description>The initial cutoff frequency (in hertz) for the internal lowpass filter.</description>
		</objarg>
	</objarglist>
	

	<!--MESSAGES-->
	<methodlist>
		<method name="clear">
			<arglist/>
			<description>
				Clear out the feedback memory of the object.  
				Useful for resetting the filter if it has blown up.
			</description>
		</method>
	</methodlist>
	
	
	<!--ATTRIBUTES-->
	<attributelist>
		<attribute name="feedback" get="1" set="1" type="float" size="1">
			<description>
				Set the coefficient for feedback directly (overrides the decay attribute).
			</description>
		</attribute>
		<attribute name="autoclip" get="1" set="1" type="float" size="1">
			<description>
				This sets a clipping range for the internal feedback to prevent the filter from blowing up.
			</description>
		</attribute>
		<attribute name="delay" get="1" set="1" type="float" size="1">
			<description>
				Set the delay time of the comb filter in milliseconds.
			</description>
		</attribute>
		<attribute name="decay" get="1" set="1" type="float" size="1">
			<description>
				Define a decay time (in seconds) for the filter.  
				This provides a high-level way to control the filter's feedback.
			</description>
		</attribute>
		<attribute name="buffersize" get="1" set="1" type="float" size="1">
			<description>
				Specify a maximum amount of time by which the input may be delayed with the delay parameter.
				This allocates memory for the delay line.
			</description>
		</attribute>
		<attribute name="lowpass" get="1" set="1" type="float" size="1">
			<description>
				Set the cutoff frequency for an internal lowpass filter located in the comb filter's 
				feedback loop.
			</description>
		</attribute>
	</attributelist>


	<!--SEEALSO-->
	<seealsolist>
		<seealso name="comb~"/>
	</seealsolist>

	
</c74object>
