<?xml version="1.0" encoding="utf-8" standalone="yes"?>
<?xml-stylesheet href="./_c74_ref.xsl" type="text/xsl"?>
 
<c74object name="tap.midimapper" module="max" category="TapTools, MIDI, Notes">

	<digest>
		Map midi input to user defined output
	</digest>

	<description>
		The <o>tap.midimapper</o> object 
		is an object designed to make it easy to examine a stream of MIDI input and remap the data to a different Max message. 
		The first three attributes above define the MIDI message to be matched, 
		while the last 2 attributes above determine the corresponding message that will be sent.
	</description>

	
	<!--METADATA-->
	<metadatalist>
		<metadata name="author">74 Objects</metadata>
		<metadata name="tag">TapTools</metadata>
		<metadata name="tag">Analysis</metadata>
		<metadata name="tag">MIDI</metadata>
		<metadata name="tag">Routing</metadata>
	</metadatalist>

	
	<!--MESSAGES-->
	<methodlist>
		<method name="int">
			<arglist><arg name="input" type="int" optional="0" id="0" /></arglist>
			<description>Integer input.</description>
		</method>
		<method name="list">
			<arglist><arg name="input" type="int" optional="0" id="0" /></arglist>
			<description>List input.</description>
		</method>
	</methodlist>
	
	
	<!--ATTRIBUTES-->
	<attributelist>
		<attribute name="mapto" get="1" set="1" type="anything" size="1">
			<description>The message that is generated when a matching MIDI message is received.  
			</description>
		</attribute>
		<attribute name="includes" get="1" set="1" type="char" size="1">
			<description>When set to 1, the data that matched is appended to the end of the mapto
				message.  
			</description>
		</attribute>
		<attribute name="channel" get="1" set="1" type="int" size="1">
			<description>The channel number to match.</description>
		</attribute>
		<attribute name="type" get="1" set="1" type="symbol" size="1">
			<description>The type of midi event (note, control, any, presure, etc.)</description>
		</attribute>
		<attribute name="match1" get="1" set="1" type="int" size="1">
			<description>The first (or only) data value to be matched in the midi event.
			</description>
		</attribute>
		<attribute name="match2" get="1" set="1" type="int" size="1">
			<description>The second data value to be match in the midi event.  
			</description>
		</attribute>
	</attributelist>

	
	<!--SEEALSO-->
	<seealsolist>
		<seealso name="borax"/>
		<seealso name="midiin"/>
	</seealsolist>

	
</c74object>
