<?xml version="1.0" encoding="utf-8" standalone="yes"?>
<?xml-stylesheet href="./_c74_ref.xsl" type="text/xsl"?>

<c74object name="tap.crossfade~" module="msp" category="TapTools, MSP Modifiers">

	<digest>
		Crossfade between two signals
	</digest>

	<description>
		The <o>tap.crossfade~</o> object
		performs fast crossfading between multiple sources using one of several available algorithms.
	</description>

	
	<!--METADATA-->
	<metadatalist>
		<metadata name="author">74 Objects</metadata>
		<metadata name="tag">TapTools</metadata>
		<metadata name="tag">Audio</metadata>
		<metadata name="tag">Interpolation</metadata>
		<metadata name="tag">Routing</metadata>
		<metadata name="tag">Multichannel</metadata>
		<metadata name="tag">64-bit</metadata>
	</metadatalist>

	
	<!--ATTRIBUTES-->
	<attributelist>

		<attribute name="shape" get="1" set="1" type="int" size="1">
			<description>Determines the shape of the of the crossfade function.</description>
		</attribute>

		<attribute name="mode" get="1" set="1" type="int" size="1">
			<description>Determines the algorithm to use. In most cases it is best to use the 512-point lookup table.</description>
		</attribute>

		<attribute name="position" get="1" set="1" type="float" size="1">
			<description>
				0. to 1. crossfades from input1 to input2. This attribute is overridden by a signal connected to the right inlet, if it is present.
			</description>
		</attribute>

	</attributelist>

	
	<!--SEEALSO-->
	<seealsolist>
		<seealso name="jit.xfade"/>
	</seealsolist>

	
</c74object>
