<?xml version="1.0" encoding="utf-8" standalone="yes"?>
<?xml-stylesheet href="./_c74_ref.xsl" type="text/xsl"?>
 
<c74object name="tap.jit.delay" module="jit" category="TapTools, Jitter, Jitter Effects">

	<digest>
		Delaying a matrix-stream by given number of frames
	</digest>

	<description>
		The <o>tap.jit.delay</o> object is an abstraction for temporally delaying a matrix-stream, and supports any type/planecount.
	</description>

	
	<!--METADATA-->
	<metadatalist>
		<metadata name="author">74 Objects</metadata>
		<metadata name="tag">TapTools</metadata>
		<metadata name="tag">Jitter</metadata>
		<metadata name="tag">Video</metadata>
		<metadata name="tag">Effect</metadata>
		<metadata name="tag">Time</metadata>
	</metadatalist>

	
	<!--MOP-->
	<mop matrixinputcount="1" matrixoutputcount="1">
		<matrixinput name="in" planelink="0" typelink="0" dimlink="0" minplanecount="4" maxplanecount="4" mindimcount="2" maxdimcount="2">
			<types>
				char
				long
				float32
				float64
			</types>
		</matrixinput>	
		<matrixoutput name="out" planelink="0" typelink="0" dimlink="0" minplanecount="4" maxplanecount="4" mindimcount="2" maxdimcount="2">
			<types>
				char
				long
				float32
				float64
			</types>
		</matrixoutput>	
	</mop>


	<!--ATTRIBUTES-->
	<attributelist>

		<attribute name="delayframes" get="1" set="1" type="int" size="1">
			<description>The number of frames by which to delay the input before sending it to the output.</description>
		</attribute>

		<attribute name="maxdelayframes" get="1" set="1" type="float" size="1">
			<description>The maximum number of frames by which the input might be delayed (allocates memory for the delay line).</description>
		</attribute>

	</attributelist>


	<!--SEEALSO-->
	<seealsolist>
		<seealso name="jit.matrix"/>
	</seealsolist>

	
</c74object>
