<?xml version="1.0" encoding="utf-8" standalone="yes"?>
<?xml-stylesheet href="./_c74_ref.xsl" type="text/xsl"?>
 <!-- TODO: How do I account for osc messages & output messages from get messages? -->

<c74object name="tap.verb~" module="msp" category="TapTools, MSP Modifiers">

	<digest>
		Simulate reverberation
	</digest>

	<description>
		The <o>tap.verb~</o> object is a simulated reverb. 
		It can provide a reasonable reverb with minimal processing overhead which is great for real time applications.  
		Also, all of the parameters are accessible and infinitely abuse-able which leads to all sorts of sonic mayhem.  Enjoy.
	</description>

	
	<!--METADATA-->
	<metadatalist>
		<metadata name="author">74 Objects</metadata>
		<metadata name="tag">TapTools</metadata>
		<metadata name="tag">Audio</metadata>
		<metadata name="tag">Effect</metadata>
	</metadatalist>

	
	<!--ATTRIBUTES-->
	<attributelist>
		<attribute name="delay" get="1" set="1" type="float">
			<description>Delay time in milliseconds. Relates to room size / how quickly echo density builds up in the reverberator [default: 100 ms].</description>
		</attribute>
		<attribute name="decay" get="1" set="1" type="float">
			<description>Decay time in seconds. How long (in seconds) for the reverberant sound to decay 60 dB [default: 3.5 sec].</description>
		</attribute>
		<attribute name="damping" get="1" set="1" type="float">
			<description>Damping filter cutoff in Hz. Emulates the effect air and walls have on sound as it travels and reflects [default: 20000 Hz].</description>
		</attribute>
		<attribute name="modfreq" get="1" set="1" type="float">
			<description>Modulation frequency in hertz - applied to the delay times internally [default: 0.1 Hz].</description>
		</attribute>
		<attribute name="moddepth" get="1" set="1" type="float">
			<description>Modulation depth for the above delay-time modulator [default: 0.1]</description>
		</attribute>
		<attribute name="lowpass" get="1" set="1" type="float">
			<description>Cutoff frequency for a final lowpass filter stage to control the brightness of the reverb [default 15000 Hz].</description>
		</attribute>
		<attribute name="use_early_reflections" get="1" set="1" type="integer">
			<description>Toggles on/off early-reflections [default = 1 (on)].</description>
		</attribute>
		<attribute name="delay" get="1" set="1" type="float">
			<description>Delay time in milliseconds. Relates to room size / how quickly echo density builds up in the reverberator [default: 100 ms].</description>
		</attribute>
	</attributelist>
	

	<!--SEEALSO-->
	<seealsolist>
		<seealso name="tapin~"/>
		<seealso name="tapout~"/>
		<seealso name="tap.multitap~"/>
		<seealso name="delay~"/>
	</seealsolist>

	
</c74object>
