<?xml version="1.0" encoding="utf-8" standalone="yes"?>
<?xml-stylesheet href="./_c74_ref.xsl" type="text/xsl"?>
 
<c74object name="tap.random~" module="msp" category="TapTools, MSP Generators">

	<digest>
		Signal random number generator
	</digest>

	<description>
		The <o>tap.random~</o> object 
		generates a random sample value, in the standard audio range [-1.0, 1.0] when it receives a zero to non-zero transition.	
	</description>

	
	<!--METADATA-->
	<metadatalist>
		<metadata name="author">74 Objects</metadata>
		<metadata name="tag">TapTools</metadata>
		<metadata name="tag">Audio</metadata>
		<metadata name="tag">Generator</metadata>
		<metadata name="tag">Math</metadata>
	</metadatalist>
	
	
	<!--ATTRIBUTES-->
	<attributelist>
		<attribute name="high_bound" get="1" set="1" type="float" size="1">
			<description>Set the range for random numbers that are generated.
			</description>
		</attribute>
		<attribute name="low_bound" get="1" set="1" type="float" size="1">
			<description>Set the range for random numbers that are generated.</description>
		</attribute>
	</attributelist>

	
	<!--SEEALSO-->
	<seealsolist>
		<seealso name="random~"/>
		<seealso name="tap.counter~"/>
	</seealsolist>

	
</c74object>
