<?xml version="1.0" encoding="utf-8" standalone="yes"?>
<?xml-stylesheet href="./_c74_ref.xsl" type="text/xsl"?>

<c74object name="tap.buffer.record~" module="msp" category="TapTools, MSP Buffers">

	<digest>
		Smooth recording to a buffer~
	</digest>

	<description>
		<o>tap.buffer.record~</o> is an alternative to MSP's standard <o>record~</o> object. 
		Where record operations with MSP's record~ simply replace the buffer contents at the index, 
		<o>tap.buffer.record~</o> actually fades in the new values over a short (default = 10 samples) period. 
		The benefit of this approach is that it reduces pops created in applications where the play head may cross the record head.
	</description>

	
	<!--METADATA-->
	<metadatalist>
		<metadata name="author">74 Objects</metadata>
		<metadata name="tag">TapTools</metadata>
		<metadata name="tag">Audio</metadata>
		<metadata name="tag">Buffer</metadata>
	</metadatalist>

	
	<!--ARGUMENTS-->
	<objarglist>
		<objarg name="buffername" type="symbol" optional="0">
			<description>The name of a buffer to reference.</description>
		</objarg>
	</objarglist>
	

	<!--MESSAGES-->
	<methodlist>
		<method name="set">
			<arglist><arg name="name" type="symbol" optional="0" id="0" /></arglist>
			<description>Set the buffer to reference.</description>
		</method>
		<method name="int">
			<arglist><arg name="onoff" type="int" optional="0" id="0" /></arglist>
			<description>
				Toggle on and off whether or not the object is currently recording.
			</description>
		</method>
	</methodlist>
	
	
	<!--ATTRIBUTES-->
	<attributelist>
		<attribute name="loop" get="1" set="1" type="int" size="1">
			<description>Toggle on and off loop-recording.</description>
		</attribute>
		<attribute name="fade" get="1" set="1" type="float" size="1">
			<description>Specifies the number of milliseconds over which newly recorded samples are faded into the buffer.</description>
		</attribute>
		<attribute name="channel" get="1" set="1" type="int" size="1">
			<description>Specifies the channel number in the buffer to which new samples should be written.</description>
		</attribute>
	</attributelist>

	
	<!--SEEALSO-->
	<seealsolist>
		<seealso name="tap.buffer.record2~"/>
	</seealsolist>

	
</c74object>
