<?xml version="1.0" encoding="utf-8" standalone="yes"?>
<?xml-stylesheet href="./_c74_ref.xsl" type="text/xsl"?>
 
<c74object name="tap.multitap~" module="msp" category="TapTools, MSP Modifiers">

	<digest>
		A self-contained multitap delay
	</digest>

	<description>
		The <o>tap.multitap~</o> object 
		is like a set of <o>tapin~</o> and <o>tapout~</o> objects, but all contained within one external for 
		improved efficiency.
	</description>

	
	<!--METADATA-->
	<metadatalist>
		<metadata name="author">74 Objects</metadata>
		<metadata name="tag">TapTools</metadata>
		<metadata name="tag">Audio</metadata>
		<metadata name="tag">Time</metadata>
	</metadatalist>

	
	<!--ARGUMENTS-->
	<objarglist>
		<objarg name="buffersize" type="float" optional="1">
			<description>Sets the initial buffersize in ms.  The default is 2000ms.</description>
		</objarg>
	</objarglist>


	<!--ATTRIBUTES-->
	<attributelist>
		<attribute name="taps" get="1" set="1" type="int" size="1">
			<description>
				The number of taps in the multitap delay.
			</description>
		</attribute>
		<attribute name="delay" get="1" set="1" type="int" size="1">
			<description>
				Sets the delay time for one of the taps.  
				The first int specifies the tap, the second number specifies the delay time.
			</description>
		</attribute>
		<attribute name="gain" get="1" set="1" type="int" size="1">
			<description>
				Sets the gain for one of the taps.  
				The first int specifies the tap, the second number specifies the gain.
			</description>
		</attribute>
	</attributelist>
	
	
	<!--SEEALSO-->
	<seealsolist>
		<seealso name="tap.delay~"/>
	</seealsolist>

	
</c74object>
