<?xml version="1.0" encoding="utf-8" standalone="yes"?>
<?xml-stylesheet href="./_c74_ref.xsl" type="text/xsl"?>
 
<c74object name="tap.fft.list~" module="msp" category="TapTools, MSP FFT">

	<digest>
		Convert an FFT analysis into a list
	</digest>

	<description>
		Because the lists are processed according to the Max scheduler (control-rate), 
		frames may be dropped for FFTs which are smaller than 64 frames.
	</description>

	
	<!--METADATA-->
	<metadatalist>
		<metadata name="author">74 Objects</metadata>
		<metadata name="tag">TapTools</metadata>
		<metadata name="tag">Audio</metadata>
		<metadata name="tag">Spectral</metadata>
	</metadatalist>

	
	<!--ARGUMENTS-->
	<objarglist>
		<objarg name="numbins" type="int" optional="1">
			<description>
				Int argument sets the number of bins used in the fft.  
				If none is provided then 512 is assumed.
			</description>
		</objarg>
	</objarglist>
	

	<!--MESSAGES-->
	<methodlist>
		<method name="bang">
			<arglist/>
			<description>Bang outputs a list of the currently captured data. 
				It may be used when autopoll is set to "off."
			</description>
		</method>
	</methodlist>
	
	
	<!--ATTRIBUTES-->
	<attributelist>

		<attribute name="mult" get="1" set="1" type="float" size="1">
			<description>A magnification factor to scale the data as desired. [default = 1]</description>
		</attribute>

		<attribute name="nyquist" get="1" set="1" type="int" size="1">
			<description>When set to 1, the bins above the Nyquist frequency are eliminated from the result.</description>
		</attribute>

		<attribute name="autopoll" get="1" set="1" type="int" size="1">
			<description>
				When set to 1, an internal metro sends bangs to the object automatically.
			</description>
		</attribute>

	</attributelist>

	
	<!--SEEALSO-->
	<seealsolist>
		<seealso name="tap.fft.normalize~"/>
	</seealsolist>

	
</c74object>
