<?xml version="1.0" encoding="utf-8" standalone="yes"?>
<?xml-stylesheet href="./_c74_ref.xsl" type="text/xsl"?>

<c74object name="tap.bits" module="max" category="TapTools, Math">

	<digest>
		Convert integers to and from a list of bits
	</digest>

	<description>
		Use the <o>tap.bits</o> object 
		to convert integers to and from a list of bits depending on the value of the <m>mode</m> attribute.
	</description>

	
	<!--METADATA-->
	<metadatalist>
		<metadata name="author">74 Objects</metadata>
		<metadata name="tag">TapTools</metadata>
		<metadata name="tag">Math</metadata>
		<metadata name="tag">Utility</metadata>
	</metadatalist>

	
	<!--INLETS-->
	<inletlist>
		<inlet id="0" name="INLET_NAME">
			<digest>int/list: to be converted to/from a list of bits.</digest>
		</inlet>
	</inletlist>


	<!--OUTLETS-->
	<outletlist>
		<outlet id="0" name="OUTLET_NAME">
			<digest>int/list: input that has been converted to/from a list of bits.</digest>
		</outlet>
		<outlet id="1" name="OUTLET_NAME">
			<digest>dumpout: for accessing object state.</digest>
		</outlet>
	</outletlist>
	
	
	<!--ATTRIBUTES-->
	<attributelist>

		<attribute name="mode" get="1" set="1" type="symbol" size="1">
			<description>
				Determine what kind of conversion should be performed.  The options are:
				bits2ints,
				ints2bits,
				ints2matrixctrl.
				The ints2matrixctrl was originally designed so that a <m>matrixctrl</m> object could be 
				be represented easily in a Pluggo plug-in. An example of its use can be found in the 
				tap.plug.pp.matrixctrl help patcher.
			</description>
		</attribute>

		<attribute name="matrix_width" get="1" set="1" type="int" size="1">
			<description>When in ints2matrixctrl <m>mode</m>, 
				this determines how many bits will be used to create the integer representation.
			</description>
		</attribute>

	</attributelist>
	

	<!--SEEALSO-->
	<seealsolist>
		<seealso name="bitand~"/>
		<seealso name="bitor~"/>
	</seealsolist>

	
</c74object>
