<?xml version="1.0" encoding="utf-8" standalone="yes"?>
<?xml-stylesheet href="./_c74_ref.xsl" type="text/xsl"?>

<c74object name="tap.counter~" module="msp" category="TapTools, MSP Functions">

	<digest>
		Count signal-rate transitions
	</digest>

	<description>
		<o>tap.counter~</o> counts zero to non-zero transitions and sends out the current count as a signal.
	</description>

	
	<!--METADATA-->
	<metadatalist>
		<metadata name="author">74 Objects</metadata>
		<metadata name="tag">TapTools</metadata>
		<metadata name="tag">Audio</metadata>
		<metadata name="tag">Analysis</metadata>
	</metadatalist>

	
	<!--MESSAGES-->
	<methodlist>
		<method name="set">
			<arglist><arg name="input" type="int" optional="0" id="0" /></arglist>
			<description>Set the counter's current count to something you specify.</description>
		</method>
		<method name="reset">
			<arglist/>
			<description>Reset the counter to start over.</description>
		</method>
	</methodlist>
	
	
	<!--ATTRIBUTES-->
	<attributelist>

		<attribute name="low_bound" get="1" set="1" type="int" size="1">
			<description>The low bound for the counter.</description>
		</attribute>

		<attribute name="high_bound" get="1" set="1" type="int" size="1">
			<description>The high bound for the counter.</description>
		</attribute>

		<attribute name="direction" get="1" set="1" type="sym" size="1">
			<description>
				Options for the direction of the counter are 'up' and 'down'.
			</description>
		</attribute>

		<attribute name="value" get="1" set="1" type="int" size="1">
			<description>
				The current value of the counter.
			</description>
		</attribute>
	</attributelist>

	
	<!--SEEALSO-->
	<seealsolist>
		<seealso name="tap.count~"/>
	</seealsolist>

	
</c74object>
