<?xml version="1.0" encoding="utf-8" standalone="yes"?>
<?xml-stylesheet href="./_c74_ref.xsl" type="text/xsl"?>
 
<c74object name="tap.limi~" module="msp" category="TapTools, MSP Dynamics">

	<digest>
		Dynamics processor: look-ahead limiter
	</digest>

	<description>
		The <o>tap.limi~</o> object 
		This object has long and storied history that has culminated in tap.limi~. 
		It is based on the limi~ object written by jhno. 
		It was initially recompiled to TapTools for cross-platform purposes and then support of Intel processors on the Mac.	
		<o>tap.limi~</o> also uses decibels to specify gain parameters and sports attributes for specifying parameters.
	</description>

	
	<!--METADATA-->
	<metadatalist>
		<metadata name="author">74 Objects</metadata>
		<metadata name="tag">TapTools</metadata>
		<metadata name="tag">Audio</metadata>
		<metadata name="tag">Effect</metadata>
		<metadata name="tag">Dynamics</metadata>
		<metadata name="tag">Multichannel</metadata>
		<metadata name="tag">64-bit</metadata>
	</metadatalist>

	
	<!--ARGUMENTS-->
	<objarglist>
		<objarg name="numchans" type="int" optional="1">
			<description>Int argument sets the number of channels of audio to process with the filter.</description>
		</objarg>
	</objarglist>


	<!--MESSAGES-->
	<methodlist>
		<method name="clear">
			<arglist/>
			<description>Reset the limiter's history.</description>
		</method>
	</methodlist>
	
	
	<!--ATTRIBUTES-->
	<attributelist>
		<attribute name="threshold" get="1" set="1" type="float" size="1">
			<description>
				The threshold, preamp, and postamp attributes are specified in decibels (0 dB = full scale).
			</description>
		</attribute>
		<attribute name="preamp" get="1" set="1" type="float" size="1">
			<description>
				The threshold, preamp, and postamp attributes are specified in decibels (0 dB = full scale).
			</description>
		</attribute>
		<attribute name="postamp" get="1" set="1" type="float" size="1">
			<description>
				The threshold, preamp, and postamp attributes are specified in decibels (0 dB = full scale).
			</description>
		</attribute>
		<attribute name="release" get="1" set="1" type="float" size="1">
			<description>
				The release attribute is specified in milliseconds.
			</description>
		</attribute>
		<attribute name="lookahead" get="1" set="1" type="int" size="1">
			<description>
				The number of samples (up to 256) to look ahead into the signal to see what is coming.
			</description>
		</attribute>
		<attribute name="mode" get="1" set="1" type="symbol" size="1">
			<description>
				Set the function to be used for calculating the scaling: linear or exponential.	
			</description>
		</attribute>
		<attribute name="bypass_dcblocker" get="1" set="1" type="int" size="1">
			<description>
				Turn off the dc blocker that is normally applied to the input.
			</description>
		</attribute>
		<attribute name="bypass" get="1" set="1" type="int" size="1">
			<description>
				Bypass the entire limiter.
			</description>
		</attribute>
		<attribute name="mute" get="1" set="1" type="int" size="1">
			<description>
				Mute the limiter, effectively sending zeros as output.
			</description>
		</attribute>
	</attributelist>

	
	<!--SEEALSO-->
	<seealsolist>
		<seealso name="omx.peaklim~"/>
	</seealsolist>

	
</c74object>
