<?xml version="1.0" encoding="utf-8" standalone="yes"?>
<?xml-stylesheet href="./_c74_ref.xsl" type="text/xsl"?>

<c74object name="tap.biquadcalc" module="msp" category="TapTools, Math, MSP Filters">

	<digest>
		Calculate coefficients for biquad~
	</digest>

	<description>
		This object offers a way to generate filter coefficients for the <o>biquad~</o> object. 
		This is like what gets generated by <o>filtergraph~</o> but without the added overhead of 
		being a UI external.
	</description>

	
	<!--METADATA-->
	<metadatalist>
		<metadata name="author">74 Objects</metadata>
		<metadata name="tag">TapTools</metadata>
		<metadata name="tag">Audio</metadata>
		<metadata name="tag">Filter</metadata>
	</metadatalist>

	
	<!--INLETS-->
	<inletlist>
		<inlet id="0" name="INLET_NAME">
			<digest>Anything: set attribute values.</digest>
		</inlet>
	</inletlist>

	<!--OUTLETS-->
	<outletlist>
		<outlet id="0" name="OUTLET_NAME">
			<digest>List: the biquad~ coefficients.</digest>
		</outlet>
		<outlet id="1" name="OUTLET_NAME">
			<digest>Dumpout: for accessing object state.</digest>
		</outlet>
	</outletlist>

	
	<!--MESSAGES-->
	<methodlist>
		<method name="bang">
			<arglist>
				<!-- <arg name="input" type="int" optional="0" id="0" /> -->
			</arglist>
			<description>Calculate the coefficients and send them to the outlet.</description>
		</method>
	</methodlist>
	
	
	<!--ATTRIBUTES-->
	<attributelist>

		<attribute name="type" get="1" set="1" type="symbol" size="1">
			<description>
				The kind of filter algorithm to use.  The options are: 
				lowpass , 
				highpass , 
				bandpass , 
				bandstop , 
				peaknotch , 
				lowshelf , 
				highshelf , 
				resonant , 
				allpass"
			</description>
		</attribute>

		<attribute name="cf" get="1" set="1" type="float" size="1">
			<description>The center frequency or cutoff frequency of the filter."</description>
		</attribute>

		<attribute name="gain" get="1" set="1" type="float" size="1">
			<description>If applicable to the current filter <m>type</m>, 
				this sets the gain of the filter in decibels.
			</description>
		</attribute>

		<attribute name="q" get="1" set="1" type="float" size="1">
			<description>
				The q (narrowness) of the filter.
			</description>
		</attribute>

		<attribute name="sr" get="1" set="0" type="int" size="1">
			<description>
				The sample rate used in performing the coefficient calculations.
				This is automatically set by MSP for the context provided to the object.
				If you wish to override this sample rate, then use the <m>sr_override</m>
				attribute.
			</description>
		</attribute>

		<attribute name="sr_override" get="1" set="1" type="int" size="1">
			<description>
				When defined, this attribute overrides the automatic sample-rate detection
				used for calculating the filter coefficients.
			</description>
		</attribute>

		<attribute name="trigger" get="1" set="1" type="int" size="1">
			<description>
				This flag determines when the coefficients are calculated. If set to none
				(0) then the coefficients are only calculated when a bang is received.
				0=none, 
				1=cf, 
				2=gain, 
				3=q, 
				-1=all 
			</description>
		</attribute>

	</attributelist>
	

	<!--SEEALSO-->
	<seealsolist>
		<seealso name="biquad~"/>
		<seealso name="tap.filter~"/>
	</seealsolist>

	
</c74object>
