<?xml version="1.0" encoding="utf-8" standalone="yes"?>
<?xml-stylesheet href="./_c74_ref.xsl" type="text/xsl"?>

<c74object name="tap.elixir~" module="msp" category="TapTools, MSP Dynamics">

	<digest>
		Gain structure management
	</digest>

	<description>
		The <o>tap.elixir~</o> object
		is designed to allow you to maximize the dynamic range of mixed signals without using an 
		automatic compressor or limiter that could resulting the well-known 'thumping' artifact.
		Instead, with tap.elixir~ you simply toggle inlets on and off and the gain adjustment will
		occur (smoothly) at the time based on the number of signals to be mixed.
	</description>

	
	<!--METADATA-->
	<metadatalist>
		<metadata name="author">74 Objects</metadata>
		<metadata name="tag">TapTools</metadata>
		<metadata name="tag">Audio</metadata>
		<metadata name="tag">Routing</metadata>
	</metadatalist>

	
	<!--ARGUMENTS-->
	<objarglist>
		<objarg name="numinlets" type="int" optional="1">
			<description>Int argument sets the number of inlets to create for this object.</description>
		</objarg>
	</objarglist>
	

	<!--MESSAGES-->
	<methodlist>
		<method name="int">
			<arglist>
				<arg name="toggle" type="int" optional="0" id="0" />
			</arglist>
			<description>
				A 1 or 0 in any inlet will toggle that inlet on or off, 
				and adjust the gain scaling accordingly.
			</description>
		</method>
		<method name="list">
			<arglist>
				<arg name="toggle" type="int" optional="0" id="0" />
				<arg name="slewtime" type="float" optional="0" id="0" />
			</arglist>
			<description>
				A 1 or 0 will fade the input in or out over the fade specified as the second argument.
			</description>
		</method>
		<method name="gtime">
			<arglist>
				<arg name="time" type="float" optional="0" id="0" />
			</arglist>
			<description>
				Set the slew time globally for the fading in and out of signals.
			</description>
		</method>
		<method name="tellmeeverything">
			<arglist/>
			<description>
				Dump information about the internal state to the Max window.
			</description>
		</method>
	</methodlist>
	
	
	<!--SEEALSO-->
	<seealsolist>
		<seealso name="tap.limi~"/>
	</seealsolist>

	
</c74object>
